INSERT INTO proveedores (id_proveedor, nombre, nit) VALUES
(1, 'Proveedor 01', '900100001-1'),
(2, 'Proveedor 02', '900100002-2'),
(3, 'Proveedor 03', '900100003-3'),
(4, 'Proveedor 04', '900100004-4'),
(5, 'Proveedor 05', '900100005-5'),
(6, 'Proveedor 06', '900100006-6'),
(7, 'Proveedor 07', '900100007-7'),
(8, 'Proveedor 08', '900100008-8'),
(9, 'Proveedor 09', '900100009-9'),
(10, 'Proveedor 10', '900100010-0'),
(11, 'Proveedor 11', '900100011-1'),
(12, 'Proveedor 12', '900100012-2'),
(13, 'Proveedor 13', '900100013-3'),
(14, 'Proveedor 14', '900100014-4'),
(15, 'Proveedor 15', '900100015-5'),
(16, 'Proveedor 16', '900100016-6'),
(17, 'Proveedor 17', '900100017-7'),
(18, 'Proveedor 18', '900100018-8'),
(19, 'Proveedor 19', '900100019-9'),
(20, 'Proveedor 20', '900100020-0');
INSERT INTO ubicaciones (id_ubicacion, nombre) VALUES
(1, 'Almacén Central'),
(2, 'Farmacia 1'),
(3, 'Farmacia 2'),
(4, 'Urgencias'),
(5, 'UCI'),
(6, 'Quirófano'),
(7, 'Pediatría'),
(8, 'Hospitalización A'),
(9, 'Hospitalización B'),
(10, 'Laboratorio'),
(11, 'Imagenología'),
(12, 'Oncología'),
(13, 'Ginecología'),
(14, 'Cardiología'),
(15, 'Nefrología'),
(16, 'Trauma'),
(17, 'Ortopedia'),
(18, 'Dermatología'),
(19, 'Emergencias'),
(20, 'Vacunación');
INSERT INTO items (id_item, id_ubicacion, descripcion, tipo_item, stock) VALUES
(1, 1, 'Paracetamol 500 mg', 'MEDICAMENTO', 300),
(2, 2, 'Ibuprofeno 400 mg', 'MEDICAMENTO', 250),
(3, 3, 'Amoxicilina 500 mg', 'MEDICAMENTO', 180),
(4, 4, 'Omeprazol 20 mg', 'MEDICAMENTO', 220),
(5, 5, 'Aspirina 100 mg', 'MEDICAMENTO', 190),
(6, 6, 'Metformina 850 mg', 'MEDICAMENTO', 260),
(7, 7, 'Losartán 50 mg', 'MEDICAMENTO', 210),
(8, 8, 'Atorvastatina 20 mg', 'MEDICAMENTO', 170),
(9, 9, 'Salbutamol Inhalador', 'MEDICAMENTO', 120),
(10, 10, 'Ceftriaxona 1 g', 'MEDICAMENTO', 150),
(11, 11, 'Guantes Nitrilo Talla M', 'DISPOSITIVO', 800),
(12, 12, 'Jeringa 5 ml', 'DISPOSITIVO', 600),
(13, 13, 'Gasas Estériles 10x10', 'DISPOSITIVO', 900),
(14, 14, 'Catéter IV #18', 'DISPOSITIVO', 350),
(15, 15, 'Sonda Foley 16Fr', 'DISPOSITIVO', 140),
(16, 16, 'Bisturí #10', 'DISPOSITIVO', 500),
(17, 17, 'Venda Elástica 10 cm', 'DISPOSITIVO', 420),
(18, 18, 'Termómetro Digital', 'DISPOSITIVO', 75),
(19, 19, 'Tiras Reactivas Glucosa', 'DISPOSITIVO', 320),
(20, 20, 'Alcohol Antiséptico 70%', 'DISPOSITIVO', 450);
INSERT INTO lotes (id_lote, id_proveedor, codigo_lote, fecha_vencimiento, costo_unitario) VALUES
(1, 1, 'L-0001', '2026-01-15', 0.50),
(2, 2, 'L-0002', '2026-03-20', 0.85),
(3, 3, 'L-0003', '2026-06-30', 1.20),
(4, 4, 'L-0004', '2025-12-10', 0.95),
(5, 5, 'L-0005', '2026-09-05', 1.75),
(6, 6, 'L-0006', '2027-01-01', 2.40),
(7, 7, 'L-0007', '2026-11-11', 3.25),
(8, 8, 'L-0008', '2025-10-25', 1.10),
(9, 9, 'L-0009', '2026-05-14', 0.60),
(10, 10, 'L-0010', '2027-02-28', 4.80),
(11, 11, 'L-0011', '2026-08-18', 0.12),
(12, 12, 'L-0012', '2025-11-30', 0.18),
(13, 13, 'L-0013', '2026-04-01', 0.25),
(14, 14, 'L-0014', '2026-12-31', 2.10),
(15, 15, 'L-0015', '2026-07-07', 5.50),
(16, 16, 'L-0016', '2026-10-10', 0.90),
(17, 17, 'L-0017', '2026-02-02', 0.70),
(18, 18, 'L-0018', '2026-03-03', 1.35),
(19, 19, 'L-0019', '2026-06-06', 0.40),
(20, 20, 'L-0020', '2025-12-31', 0.55);
INSERT INTO lotes_items (id_lote_item, id_item, id_lote) VALUES
(1, 1, 1),
(2, 2, 2),
(3, 3, 3),
(4, 4, 4),
(5, 5, 5),
(6, 6, 6),
(7, 7, 7),
(8, 8, 8),
(9, 9, 9),
(10, 10, 10),
(11, 11, 11),
(12, 12, 12),
(13, 13, 13),
(14, 14, 14),
(15, 15, 15),
(16, 16, 16),
(17, 17, 17),
(18, 18, 18),
(19, 19, 19),
(20, 20, 20);
INSERT INTO usuarios (id_usuario, nombre_completo, correo, rol, contrasena) VALUES
(1, 'Ana Pérez', 'ana.perez@hospital.local', 'AUXILIAR', '$2b$10$demoHash00000000000000000000000000000000000000000000000001'),
(2, 'Bruno Díaz', 'bruno.diaz@hospital.local', 'REGENTE', '$2b$10$demoHash00000000000000000000000000000000000000000000000002'),
(3, 'Carla Gómez', 'carla.gomez@hospital.local', 'AUDITOR', '$2b$10$demoHash00000000000000000000000000000000000000000000000003'),
(4, 'David Ruiz', 'david.ruiz@hospital.local', 'ADMIN', '$2b$10$demoHash00000000000000000000000000000000000000000000000004'),
(5, 'Elena Torres', 'elena.torres@hospital.local', 'AUXILIAR', '$2b$10$demoHash00000000000000000000000000000000000000000000000005'),
(6, 'Fernando Silva', 'fernando.silva@hospital.local', 'REGENTE', '$2b$10$demoHash00000000000000000000000000000000000000000000000006'),
(7, 'Gloria Martínez', 'gloria.martinez@hospital.local', 'AUDITOR', '$2b$10$demoHash00000000000000000000000000000000000000000000000007'),
(8, 'Héctor López', 'hector.lopez@hospital.local', 'ADMIN', '$2b$10$demoHash00000000000000000000000000000000000000000000000008'),
(9, 'Irene Castillo', 'irene.castillo@hospital.local', 'AUXILIAR', '$2b$10$demoHash00000000000000000000000000000000000000000000000009'),
(10, 'Jorge Rojas', 'jorge.rojas@hospital.local', 'REGENTE', '$2b$10$demoHash00000000000000000000000000000000000000000000000010'),
(11, 'Karen Velasco', 'karen.velasco@hospital.local', 'AUDITOR', '$2b$10$demoHash00000000000000000000000000000000000000000000000011'),
(12, 'Luis Mendoza', 'luis.mendoza@hospital.local', 'ADMIN', '$2b$10$demoHash00000000000000000000000000000000000000000000000012'),
(13, 'María Rodríguez', 'maria.rodriguez@hospital.local', 'AUXILIAR', '$2b$10$demoHash00000000000000000000000000000000000000000000000013'),
(14, 'Nicolás Herrera', 'nicolas.herrera@hospital.local', 'REGENTE', '$2b$10$demoHash00000000000000000000000000000000000000000000000014'),
(15, 'Olga Prieto', 'olga.prieto@hospital.local', 'AUDITOR', '$2b$10$demoHash00000000000000000000000000000000000000000000000015'),
(16, 'Pablo Benítez', 'pablo.benitez@hospital.local', 'ADMIN', '$2b$10$demoHash00000000000000000000000000000000000000000000000016'),
(17, 'Quena Salazar', 'quena.salazar@hospital.local', 'AUXILIAR', '$2b$10$demoHash00000000000000000000000000000000000000000000000017'),
(18, 'Raúl Cárdenas', 'raul.cardenas@hospital.local', 'REGENTE', '$2b$10$demoHash00000000000000000000000000000000000000000000000018'),
(19, 'Sara Valdés', 'sara.valdes@hospital.local', 'AUDITOR', '$2b$10$demoHash00000000000000000000000000000000000000000000000019'),
(20, 'Tomás Gutiérrez', 'tomas.gutierrez@hospital.local', 'ADMIN', '$2b$10$demoHash00000000000000000000000000000000000000000000000020');
INSERT INTO movimientos (id_movimiento, id_lote, id_usuario, tipo_movimiento, cantidad, origen, destino, fecha, motivo) VALUES
-- INGRESOS al Almacén Central
(1, 1, 1, 'INGRESO', 100, NULL, 'Almacén Central', '2025-08-20 09:00:00', 'Recepción de proveedor'),
(2, 2, 2, 'INGRESO', 200, NULL, 'Almacén Central', '2025-08-21 10:30:00', 'Recepción de proveedor'),
(3, 3, 1, 'INGRESO', 150, NULL, 'Almacén Central', '2025-08-22 11:15:00', 'Recepción de proveedor'),
(4, 4, 5, 'INGRESO', 180, NULL, 'Almacén Central', '2025-08-23 08:40:00', 'Recepción de proveedor'),
(5, 5, 6, 'INGRESO', 120, NULL, 'Almacén Central', '2025-08-24 14:05:00', 'Recepción de proveedor'),
(6, 6, 9, 'INGRESO', 300, NULL, 'Almacén Central', '2025-08-25 16:45:00', 'Recepción de proveedor'),
(7, 7, 10, 'INGRESO', 220, NULL, 'Almacén Central', '2025-08-26 09:20:00', 'Recepción de proveedor'),
(8, 8, 13, 'INGRESO', 140, NULL, 'Almacén Central', '2025-08-27 13:10:00', 'Recepción de proveedor'),
-- SALIDAS desde Almacén Central a servicios
(9, 1, 2, 'SALIDA', 20, 'Almacén Central', 'Urgencias', '2025-08-28 10:00:00', 'Dispensación a servicio'),
(10, 2, 5, 'SALIDA', 30, 'Almacén Central', 'UCI', '2025-08-28 10:30:00', 'Dispensación a servicio'),
(11, 3, 6, 'SALIDA', 15, 'Almacén Central', 'Pediatría', '2025-08-28 11:00:00', 'Dispensación a servicio'),
(12, 4, 9, 'SALIDA', 25, 'Almacén Central', 'Quirófano', '2025-08-28 11:30:00', 'Dispensación a servicio'),
(13, 5, 10, 'SALIDA', 10, 'Almacén Central', 'Hospitalización A','2025-08-28 12:00:00', 'Dispensación a servicio'),
(14, 6, 13, 'SALIDA', 40, 'Almacén Central', 'Laboratorio', '2025-08-28 12:30:00', 'Dispensación a servicio'),
-- TRANSFERENCIAS entre ubicaciones
(15, 7, 14, 'TRANSFERENCIA', 30, 'Almacén Central', 'UCI', '2025-08-29 09:00:00', 'Reabastecimiento'),
(16, 8, 1, 'TRANSFERENCIA', 20, 'Almacén Central', 'Quirófano', '2025-08-29 09:30:00', 'Reabastecimiento'),
(17, 9, 2, 'TRANSFERENCIA', 15, 'Almacén Central', 'Pediatría', '2025-08-29 10:00:00', 'Reabastecimiento'),
(18, 10, 5, 'TRANSFERENCIA', 12, 'Almacén Central', 'Oncología', '2025-08-29 10:30:00', 'Reabastecimiento'),
-- AJUSTES sobre ubicaciones
(19, 2, 6, 'AJUSTE', 5, 'Almacén Central', NULL, '2025-08-30 08:15:00', 'Corrección conteo físico'),
(20, 5, 9, 'AJUSTE', 3, 'Laboratorio', NULL, '2025-08-30 08:45:00', 'Daño de empaque');
